"weather_id";"city_id";"weather_date";"min_temperature"
"1";"1";"2024-12-01";"-6.01"
"2";"1";"2024-12-02";"-17.67"
"3";"1";"2024-12-03";"-11.13"
"4";"1";"2024-12-04";"-3.22"
"5";"1";"2024-12-05";"-6.46"
"6";"1";"2024-12-06";"-15.74"
"7";"1";"2024-12-07";"-19.49"
"8";"1";"2024-12-08";"0.92"
"9";"1";"2024-12-09";"-19.95"
"10";"1";"2024-12-10";"-11.03"
"11";"1";"2024-12-11";"-8.75"
"12";"1";"2024-12-12";"-13.66"
"13";"1";"2024-12-13";"-6.61"
"14";"1";"2024-12-14";"4.74"
"15";"1";"2024-12-15";"-19.95"
"16";"1";"2024-12-16";"1.90"
"17";"1";"2024-12-17";"-10.04"
"18";"1";"2024-12-18";"-15.72"
"19";"1";"2024-12-19";"-17.17"
"20";"1";"2024-12-20";"-8.74"
"21";"1";"2024-12-21";"3.06"
"22";"1";"2024-12-22";"-8.55"
"23";"1";"2024-12-23";"-14.82"
"24";"1";"2024-12-24";"-19.39"
"25";"1";"2024-12-25";"-10.93"
"26";"1";"2024-12-26";"-13.32"
"27";"1";"2024-12-27";"-18.47"
"28";"1";"2024-12-28";"-18.85"
"29";"1";"2024-12-29";"0.91"
"30";"1";"2024-12-30";"-9.76"
"31";"1";"2024-12-31";"-2.56"
"32";"2";"2024-12-01";"-10.85"
"33";"2";"2024-12-02";"-10.59"
"34";"2";"2024-12-03";"-11.36"
"35";"2";"2024-12-04";"-13.05"
"36";"2";"2024-12-05";"-15.69"
"37";"2";"2024-12-06";"-0.48"
"38";"2";"2024-12-07";"-13.87"
"39";"2";"2024-12-08";"-11.27"
"40";"2";"2024-12-09";"-12.93"
"41";"2";"2024-12-10";"-9.81"
"42";"2";"2024-12-11";"-5.59"
"43";"2";"2024-12-12";"-2.30"
"44";"2";"2024-12-13";"-11.05"
"45";"2";"2024-12-14";"-15.10"
"46";"2";"2024-12-15";"-8.68"
"47";"2";"2024-12-16";"-15.91"
"48";"2";"2024-12-17";"-10.23"
"49";"2";"2024-12-18";"-15.55"
"50";"2";"2024-12-19";"-1.99"
"51";"2";"2024-12-20";"-3.07"
"52";"2";"2024-12-21";"-2.27"
"53";"2";"2024-12-22";"-17.23"
"54";"2";"2024-12-23";"-5.47"
"55";"2";"2024-12-24";"-1.36"
"56";"2";"2024-12-25";"-13.71"
"57";"2";"2024-12-26";"2.81"
"58";"2";"2024-12-27";"-12.50"
"59";"2";"2024-12-28";"2.63"
"60";"2";"2024-12-29";"-15.72"
"61";"2";"2024-12-30";"-17.03"
"62";"2";"2024-12-31";"-11.83"
"63";"3";"2024-12-01";"-15.61"
"64";"3";"2024-12-02";"0.94"
"65";"3";"2024-12-03";"1.13"
"66";"3";"2024-12-04";"-2.92"
"67";"3";"2024-12-05";"4.42"
"68";"3";"2024-12-06";"-6.77"
"69";"3";"2024-12-07";"-15.62"
"70";"3";"2024-12-08";"-2.68"
"71";"3";"2024-12-09";"-9.92"
"72";"3";"2024-12-10";"-3.14"
"73";"3";"2024-12-11";"4.06"
"74";"3";"2024-12-12";"-11.17"
"75";"3";"2024-12-13";"1.56"
"76";"3";"2024-12-14";"-2.78"
"77";"3";"2024-12-15";"3.05"
"78";"3";"2024-12-16";"-4.04"
"79";"3";"2024-12-17";"-12.64"
"80";"3";"2024-12-18";"4.50"
"81";"3";"2024-12-19";"-6.94"
"82";"3";"2024-12-20";"-5.34"
"83";"3";"2024-12-21";"-17.50"
"84";"3";"2024-12-22";"-6.27"
"85";"3";"2024-12-23";"-19.59"
"86";"3";"2024-12-24";"-17.13"
"87";"3";"2024-12-25";"-12.81"
"88";"3";"2024-12-26";"-10.18"
"89";"3";"2024-12-27";"-12.46"
"90";"3";"2024-12-28";"-16.80"
"91";"3";"2024-12-29";"-0.17"
"92";"3";"2024-12-30";"-13.93"
"93";"3";"2024-12-31";"-2.97"
"94";"4";"2024-12-01";"0.37"
"95";"4";"2024-12-02";"-19.11"
"96";"4";"2024-12-03";"-15.04"
"97";"4";"2024-12-04";"-13.42"
"98";"4";"2024-12-05";"-10.85"
"99";"4";"2024-12-06";"-19.80"
"100";"4";"2024-12-07";"-16.87"
"101";"4";"2024-12-08";"-15.05"
"102";"4";"2024-12-09";"-13.01"
"103";"4";"2024-12-10";"-16.65"
"104";"4";"2024-12-11";"-18.64"
"105";"4";"2024-12-12";"-8.56"
"106";"4";"2024-12-13";"-3.48"
"107";"4";"2024-12-14";"-19.55"
"108";"4";"2024-12-15";"2.68"
"109";"4";"2024-12-16";"1.54"
"110";"4";"2024-12-17";"-15.27"
"111";"4";"2024-12-18";"-5.30"
"112";"4";"2024-12-19";"-7.96"
"113";"4";"2024-12-20";"1.47"
"114";"4";"2024-12-21";"-5.19"
"115";"4";"2024-12-22";"0.39"
"116";"4";"2024-12-23";"-1.00"
"117";"4";"2024-12-24";"2.69"
"118";"4";"2024-12-25";"-5.72"
"119";"4";"2024-12-26";"-7.84"
"120";"4";"2024-12-27";"-14.50"
"121";"4";"2024-12-28";"-3.73"
"122";"4";"2024-12-29";"1.35"
"123";"4";"2024-12-30";"-0.86"
"124";"4";"2024-12-31";"2.20"
"125";"5";"2024-12-01";"-8.69"
"126";"5";"2024-12-02";"-8.01"
"127";"5";"2024-12-03";"-18.50"
"128";"5";"2024-12-04";"-12.05"
"129";"5";"2024-12-05";"1.60"
"130";"5";"2024-12-06";"2.73"
"131";"5";"2024-12-07";"-0.35"
"132";"5";"2024-12-08";"-1.63"
"133";"5";"2024-12-09";"-2.54"
"134";"5";"2024-12-10";"-3.38"
"135";"5";"2024-12-11";"3.78"
"136";"5";"2024-12-12";"-0.95"
"137";"5";"2024-12-13";"-4.03"
"138";"5";"2024-12-14";"2.51"
"139";"5";"2024-12-15";"-2.03"
"140";"5";"2024-12-16";"-3.60"
"141";"5";"2024-12-17";"-8.10"
"142";"5";"2024-12-18";"-18.47"
"143";"5";"2024-12-19";"-18.55"
"144";"5";"2024-12-20";"-10.11"
"145";"5";"2024-12-21";"-16.37"
"146";"5";"2024-12-22";"-2.26"
"147";"5";"2024-12-23";"-19.74"
"148";"5";"2024-12-24";"-0.77"
"149";"5";"2024-12-25";"-6.93"
"150";"5";"2024-12-26";"-14.23"
"151";"5";"2024-12-27";"-10.12"
"152";"5";"2024-12-28";"-18.08"
"153";"5";"2024-12-29";"-12.09"
"154";"5";"2024-12-30";"-11.29"
"155";"5";"2024-12-31";"4.21"
"156";"6";"2024-12-01";"-0.10"
"157";"6";"2024-12-02";"-13.69"
"158";"6";"2024-12-03";"4.28"
"159";"6";"2024-12-04";"-13.22"
"160";"6";"2024-12-05";"-9.77"
"161";"6";"2024-12-06";"-4.75"
"162";"6";"2024-12-07";"-0.64"
"163";"6";"2024-12-08";"-6.71"
"164";"6";"2024-12-09";"0.45"
"165";"6";"2024-12-10";"-12.37"
"166";"6";"2024-12-11";"-16.58"
"167";"6";"2024-12-12";"-15.75"
"168";"6";"2024-12-13";"-5.33"
"169";"6";"2024-12-14";"-18.73"
"170";"6";"2024-12-15";"-7.78"
"171";"6";"2024-12-16";"-16.91"
"172";"6";"2024-12-17";"-16.95"
"173";"6";"2024-12-18";"4.33"
"174";"6";"2024-12-19";"-5.67"
"175";"6";"2024-12-20";"-6.31"
"176";"6";"2024-12-21";"-19.61"
"177";"6";"2024-12-22";"-0.57"
"178";"6";"2024-12-23";"-16.63"
"179";"6";"2024-12-24";"-18.74"
"180";"6";"2024-12-25";"-8.65"
"181";"6";"2024-12-26";"-17.05"
"182";"6";"2024-12-27";"-17.79"
"183";"6";"2024-12-28";"-19.12"
"184";"6";"2024-12-29";"-6.94"
"185";"6";"2024-12-30";"-18.39"
"186";"6";"2024-12-31";"-2.76"
"187";"7";"2024-12-01";"-12.60"
"188";"7";"2024-12-02";"2.38"
"189";"7";"2024-12-03";"-11.39"
"190";"7";"2024-12-04";"-14.07"
"191";"7";"2024-12-05";"-1.79"
"192";"7";"2024-12-06";"-19.30"
"193";"7";"2024-12-07";"-3.64"
"194";"7";"2024-12-08";"-4.70"
"195";"7";"2024-12-09";"-3.55"
"196";"7";"2024-12-10";"0.51"
"197";"7";"2024-12-11";"-15.98"
"198";"7";"2024-12-12";"-7.94"
"199";"7";"2024-12-13";"0.53"
"200";"7";"2024-12-14";"-0.57"
"201";"7";"2024-12-15";"-0.22"
"202";"7";"2024-12-16";"-3.64"
"203";"7";"2024-12-17";"-9.40"
"204";"7";"2024-12-18";"-1.70"
"205";"7";"2024-12-19";"-19.37"
"206";"7";"2024-12-20";"-15.67"
"207";"7";"2024-12-21";"1.30"
"208";"7";"2024-12-22";"-8.62"
"209";"7";"2024-12-23";"-16.36"
"210";"7";"2024-12-24";"-11.99"
"211";"7";"2024-12-25";"-9.49"
"212";"7";"2024-12-26";"-16.97"
"213";"7";"2024-12-27";"-17.46"
"214";"7";"2024-12-28";"3.20"
"215";"7";"2024-12-29";"-9.86"
"216";"7";"2024-12-30";"-17.36"
"217";"7";"2024-12-31";"-14.78"
"218";"8";"2024-12-01";"3.19"
"219";"8";"2024-12-02";"-19.83"
"220";"8";"2024-12-03";"0.24"
"221";"8";"2024-12-04";"2.45"
"222";"8";"2024-12-05";"1.02"
"223";"8";"2024-12-06";"-3.99"
"224";"8";"2024-12-07";"3.25"
"225";"8";"2024-12-08";"-13.87"
"226";"8";"2024-12-09";"-7.38"
"227";"8";"2024-12-10";"-17.27"
"228";"8";"2024-12-11";"-5.55"
"229";"8";"2024-12-12";"-18.53"
"230";"8";"2024-12-13";"-18.87"
"231";"8";"2024-12-14";"-15.38"
"232";"8";"2024-12-15";"-11.65"
"233";"8";"2024-12-16";"-18.31"
"234";"8";"2024-12-17";"-13.89"
"235";"8";"2024-12-18";"-18.53"
"236";"8";"2024-12-19";"-6.93"
"237";"8";"2024-12-20";"3.33"
"238";"8";"2024-12-21";"-14.87"
"239";"8";"2024-12-22";"-5.08"
"240";"8";"2024-12-23";"-14.64"
"241";"8";"2024-12-24";"-19.99"
"242";"8";"2024-12-25";"-16.22"
"243";"8";"2024-12-26";"1.34"
"244";"8";"2024-12-27";"-11.42"
"245";"8";"2024-12-28";"0.06"
"246";"8";"2024-12-29";"3.27"
"247";"8";"2024-12-30";"-0.87"
"248";"8";"2024-12-31";"-12.39"
"249";"9";"2024-12-01";"-2.11"
"250";"9";"2024-12-02";"0.47"
"251";"9";"2024-12-03";"-1.61"
"252";"9";"2024-12-04";"-5.33"
"253";"9";"2024-12-05";"-7.97"
"254";"9";"2024-12-06";"1.15"
"255";"9";"2024-12-07";"4.84"
"256";"9";"2024-12-08";"-9.95"
"257";"9";"2024-12-09";"4.21"
"258";"9";"2024-12-10";"3.34"
"259";"9";"2024-12-11";"1.88"
"260";"9";"2024-12-12";"-4.57"
"261";"9";"2024-12-13";"-6.09"
"262";"9";"2024-12-14";"-4.30"
"263";"9";"2024-12-15";"-8.96"
"264";"9";"2024-12-16";"3.66"
"265";"9";"2024-12-17";"2.37"
"266";"9";"2024-12-18";"-6.99"
"267";"9";"2024-12-19";"-1.46"
"268";"9";"2024-12-20";"-18.09"
"269";"9";"2024-12-21";"-0.29"
"270";"9";"2024-12-22";"-1.97"
"271";"9";"2024-12-23";"1.50"
"272";"9";"2024-12-24";"-5.49"
"273";"9";"2024-12-25";"-9.44"
"274";"9";"2024-12-26";"-2.79"
"275";"9";"2024-12-27";"-3.11"
"276";"9";"2024-12-28";"4.51"
"277";"9";"2024-12-29";"-13.80"
"278";"9";"2024-12-30";"-3.22"
"279";"9";"2024-12-31";"-13.65"
"280";"10";"2024-12-01";"-7.32"
"281";"10";"2024-12-02";"-16.13"
"282";"10";"2024-12-03";"-11.68"
"283";"10";"2024-12-04";"3.37"
"284";"10";"2024-12-05";"1.79"
"285";"10";"2024-12-06";"-14.78"
"286";"10";"2024-12-07";"2.07"
"287";"10";"2024-12-08";"-12.85"
"288";"10";"2024-12-09";"3.93"
"289";"10";"2024-12-10";"-12.02"
"290";"10";"2024-12-11";"1.32"
"291";"10";"2024-12-12";"-5.11"
"292";"10";"2024-12-13";"-0.11"
"293";"10";"2024-12-14";"-18.64"
"294";"10";"2024-12-15";"-3.99"
"295";"10";"2024-12-16";"-15.38"
"296";"10";"2024-12-17";"-3.16"
"297";"10";"2024-12-18";"-2.68"
"298";"10";"2024-12-19";"-0.02"
"299";"10";"2024-12-20";"3.07"
"300";"10";"2024-12-21";"-0.43"
"301";"10";"2024-12-22";"-18.73"
"302";"10";"2024-12-23";"-0.14"
"303";"10";"2024-12-24";"-10.09"
"304";"10";"2024-12-25";"-0.87"
"305";"10";"2024-12-26";"2.87"
"306";"10";"2024-12-27";"-11.94"
"307";"10";"2024-12-28";"-14.74"
"308";"10";"2024-12-29";"-7.06"
"309";"10";"2024-12-30";"-5.22"
"310";"10";"2024-12-31";"1.96"
"311";"11";"2024-12-01";"-13.82"
"312";"11";"2024-12-02";"-18.49"
"313";"11";"2024-12-03";"3.97"
"314";"11";"2024-12-04";"-19.86"
"315";"11";"2024-12-05";"-9.33"
"316";"11";"2024-12-06";"-0.30"
"317";"11";"2024-12-07";"-1.07"
"318";"11";"2024-12-08";"-2.28"
"319";"11";"2024-12-09";"-4.66"
"320";"11";"2024-12-10";"-16.84"
"321";"11";"2024-12-11";"-6.30"
"322";"11";"2024-12-12";"-4.09"
"323";"11";"2024-12-13";"-19.27"
"324";"11";"2024-12-14";"-4.26"
"325";"11";"2024-12-15";"-16.55"
"326";"11";"2024-12-16";"-13.01"
"327";"11";"2024-12-17";"-5.68"
"328";"11";"2024-12-18";"-19.62"
"329";"11";"2024-12-19";"-1.81"
"330";"11";"2024-12-20";"1.50"
"331";"11";"2024-12-21";"2.12"
"332";"11";"2024-12-22";"-6.16"
"333";"11";"2024-12-23";"-2.69"
"334";"11";"2024-12-24";"-10.42"
"335";"11";"2024-12-25";"-18.67"
"336";"11";"2024-12-26";"1.52"
"337";"11";"2024-12-27";"-13.49"
"338";"11";"2024-12-28";"1.57"
"339";"11";"2024-12-29";"-8.99"
"340";"11";"2024-12-30";"-12.02"
"341";"11";"2024-12-31";"-7.59"
"342";"12";"2024-12-01";"-6.89"
"343";"12";"2024-12-02";"-17.61"
"344";"12";"2024-12-03";"-13.94"
"345";"12";"2024-12-04";"3.38"
"346";"12";"2024-12-05";"3.88"
"347";"12";"2024-12-06";"-8.64"
"348";"12";"2024-12-07";"-16.46"
"349";"12";"2024-12-08";"-3.15"
"350";"12";"2024-12-09";"-3.51"
"351";"12";"2024-12-10";"4.79"
"352";"12";"2024-12-11";"-4.04"
"353";"12";"2024-12-12";"-12.00"
"354";"12";"2024-12-13";"-3.75"
"355";"12";"2024-12-14";"-7.89"
"356";"12";"2024-12-15";"-5.76"
"357";"12";"2024-12-16";"-10.66"
"358";"12";"2024-12-17";"-5.16"
"359";"12";"2024-12-18";"-15.93"
"360";"12";"2024-12-19";"0.20"
"361";"12";"2024-12-20";"0.65"
"362";"12";"2024-12-21";"-14.42"
"363";"12";"2024-12-22";"-12.48"
"364";"12";"2024-12-23";"-16.24"
"365";"12";"2024-12-24";"3.16"
"366";"12";"2024-12-25";"-2.15"
"367";"12";"2024-12-26";"-6.75"
"368";"12";"2024-12-27";"-4.74"
"369";"12";"2024-12-28";"2.79"
"370";"12";"2024-12-29";"0.20"
"371";"12";"2024-12-30";"-3.55"
"372";"12";"2024-12-31";"-14.29"
"373";"13";"2024-12-01";"4.60"
"374";"13";"2024-12-02";"-5.23"
"375";"13";"2024-12-03";"-9.43"
"376";"13";"2024-12-04";"2.74"
"377";"13";"2024-12-05";"-15.11"
"378";"13";"2024-12-06";"2.08"
"379";"13";"2024-12-07";"-12.26"
"380";"13";"2024-12-08";"-15.76"
"381";"13";"2024-12-09";"-13.79"
"382";"13";"2024-12-10";"-10.15"
"383";"13";"2024-12-11";"-11.27"
"384";"13";"2024-12-12";"-16.61"
"385";"13";"2024-12-13";"-14.14"
"386";"13";"2024-12-14";"-15.91"
"387";"13";"2024-12-15";"-3.16"
"388";"13";"2024-12-16";"-12.82"
"389";"13";"2024-12-17";"-5.71"
"390";"13";"2024-12-18";"-4.86"
"391";"13";"2024-12-19";"-2.16"
"392";"13";"2024-12-20";"-4.20"
"393";"13";"2024-12-21";"-17.16"
"394";"13";"2024-12-22";"-10.80"
"395";"13";"2024-12-23";"-7.19"
"396";"13";"2024-12-24";"-2.75"
"397";"13";"2024-12-25";"-17.24"
"398";"13";"2024-12-26";"-11.56"
"399";"13";"2024-12-27";"4.14"
"400";"13";"2024-12-28";"2.83"
"401";"13";"2024-12-29";"-11.93"
"402";"13";"2024-12-30";"-5.85"
"403";"13";"2024-12-31";"1.87"
"404";"14";"2024-12-01";"1.97"
"405";"14";"2024-12-02";"-13.41"
"406";"14";"2024-12-03";"-10.91"
"407";"14";"2024-12-04";"-3.30"
"408";"14";"2024-12-05";"-8.06"
"409";"14";"2024-12-06";"-17.34"
"410";"14";"2024-12-07";"4.05"
"411";"14";"2024-12-08";"-15.60"
"412";"14";"2024-12-09";"-19.11"
"413";"14";"2024-12-10";"-6.04"
"414";"14";"2024-12-11";"-7.55"
"415";"14";"2024-12-12";"-7.52"
"416";"14";"2024-12-13";"-0.96"
"417";"14";"2024-12-14";"1.24"
"418";"14";"2024-12-15";"1.17"
"419";"14";"2024-12-16";"1.54"
"420";"14";"2024-12-17";"-3.04"
"421";"14";"2024-12-18";"-14.97"
"422";"14";"2024-12-19";"-1.63"
"423";"14";"2024-12-20";"-6.62"
"424";"14";"2024-12-21";"2.91"
"425";"14";"2024-12-22";"-18.35"
"426";"14";"2024-12-23";"-3.72"
"427";"14";"2024-12-24";"-7.30"
"428";"14";"2024-12-25";"-7.74"
"429";"14";"2024-12-26";"4.27"
"430";"14";"2024-12-27";"-16.36"
"431";"14";"2024-12-28";"-11.67"
"432";"14";"2024-12-29";"-11.09"
"433";"14";"2024-12-30";"-9.63"
"434";"14";"2024-12-31";"0.17"
"435";"15";"2024-12-01";"4.00"
"436";"15";"2024-12-02";"2.38"
"437";"15";"2024-12-03";"-0.20"
"438";"15";"2024-12-04";"-3.66"
"439";"15";"2024-12-05";"2.29"
"440";"15";"2024-12-06";"-17.37"
"441";"15";"2024-12-07";"0.37"
"442";"15";"2024-12-08";"-17.51"
"443";"15";"2024-12-09";"0.31"
"444";"15";"2024-12-10";"-15.67"
"445";"15";"2024-12-11";"-0.40"
"446";"15";"2024-12-12";"4.69"
"447";"15";"2024-12-13";"-10.70"
"448";"15";"2024-12-14";"-15.91"
"449";"15";"2024-12-15";"-19.48"
"450";"15";"2024-12-16";"-3.62"
"451";"15";"2024-12-17";"-1.99"
"452";"15";"2024-12-18";"4.58"
"453";"15";"2024-12-19";"-3.92"
"454";"15";"2024-12-20";"2.00"
"455";"15";"2024-12-21";"-10.97"
"456";"15";"2024-12-22";"-14.65"
"457";"15";"2024-12-23";"-6.10"
"458";"15";"2024-12-24";"-18.95"
"459";"15";"2024-12-25";"-13.81"
"460";"15";"2024-12-26";"-4.73"
"461";"15";"2024-12-27";"-18.84"
"462";"15";"2024-12-28";"-11.51"
"463";"15";"2024-12-29";"-6.43"
"464";"15";"2024-12-30";"-18.67"
"465";"15";"2024-12-31";"-19.80"
"466";"16";"2024-12-01";"-13.52"
"467";"16";"2024-12-02";"-8.61"
"468";"16";"2024-12-03";"-18.88"
"469";"16";"2024-12-04";"-0.34"
"470";"16";"2024-12-05";"4.20"
"471";"16";"2024-12-06";"-10.74"
"472";"16";"2024-12-07";"-0.80"
"473";"16";"2024-12-08";"4.79"
"474";"16";"2024-12-09";"-11.29"
"475";"16";"2024-12-10";"-9.99"
"476";"16";"2024-12-11";"-15.62"
"477";"16";"2024-12-12";"0.39"
"478";"16";"2024-12-13";"-11.93"
"479";"16";"2024-12-14";"4.18"
"480";"16";"2024-12-15";"-4.62"
"481";"16";"2024-12-16";"-11.93"
"482";"16";"2024-12-17";"-19.35"
"483";"16";"2024-12-18";"2.54"
"484";"16";"2024-12-19";"-4.57"
"485";"16";"2024-12-20";"-5.44"
"486";"16";"2024-12-21";"-1.53"
"487";"16";"2024-12-22";"-19.57"
"488";"16";"2024-12-23";"-2.30"
"489";"16";"2024-12-24";"-13.15"
"490";"16";"2024-12-25";"-12.70"
"491";"16";"2024-12-26";"-15.03"
"492";"16";"2024-12-27";"-14.30"
"493";"16";"2024-12-28";"-7.32"
"494";"16";"2024-12-29";"3.41"
"495";"16";"2024-12-30";"-16.90"
"496";"16";"2024-12-31";"-16.84"
"497";"17";"2024-12-01";"-19.94"
"498";"17";"2024-12-02";"-13.03"
"499";"17";"2024-12-03";"-11.56"
"500";"17";"2024-12-04";"-17.91"
"501";"17";"2024-12-05";"-19.24"
"502";"17";"2024-12-06";"-11.23"
"503";"17";"2024-12-07";"1.44"
"504";"17";"2024-12-08";"-4.19"
"505";"17";"2024-12-09";"-16.53"
"506";"17";"2024-12-10";"-15.57"
"507";"17";"2024-12-11";"0.70"
"508";"17";"2024-12-12";"-0.97"
"509";"17";"2024-12-13";"-15.94"
"510";"17";"2024-12-14";"-10.87"
"511";"17";"2024-12-15";"-1.48"
"512";"17";"2024-12-16";"-14.49"
"513";"17";"2024-12-17";"-15.08"
"514";"17";"2024-12-18";"-12.26"
"515";"17";"2024-12-19";"-12.13"
"516";"17";"2024-12-20";"-0.67"
"517";"17";"2024-12-21";"-0.30"
"518";"17";"2024-12-22";"2.98"
"519";"17";"2024-12-23";"-0.46"
"520";"17";"2024-12-24";"4.20"
"521";"17";"2024-12-25";"-10.45"
"522";"17";"2024-12-26";"-11.58"
"523";"17";"2024-12-27";"-19.13"
"524";"17";"2024-12-28";"-15.05"
"525";"17";"2024-12-29";"1.35"
"526";"17";"2024-12-30";"-8.65"
"527";"17";"2024-12-31";"-4.33"
"528";"18";"2024-12-01";"-9.42"
"529";"18";"2024-12-02";"0.09"
"530";"18";"2024-12-03";"-3.73"
"531";"18";"2024-12-04";"-14.09"
"532";"18";"2024-12-05";"-7.92"
"533";"18";"2024-12-06";"-12.61"
"534";"18";"2024-12-07";"-5.04"
"535";"18";"2024-12-08";"-17.25"
"536";"18";"2024-12-09";"-9.10"
"537";"18";"2024-12-10";"-14.60"
"538";"18";"2024-12-11";"0.03"
"539";"18";"2024-12-12";"-11.83"
"540";"18";"2024-12-13";"-15.70"
"541";"18";"2024-12-14";"-4.03"
"542";"18";"2024-12-15";"-3.59"
"543";"18";"2024-12-16";"-6.74"
"544";"18";"2024-12-17";"0.05"
"545";"18";"2024-12-18";"0.28"
"546";"18";"2024-12-19";"-19.39"
"547";"18";"2024-12-20";"1.95"
"548";"18";"2024-12-21";"-5.87"
"549";"18";"2024-12-22";"-9.67"
"550";"18";"2024-12-23";"-1.65"
"551";"18";"2024-12-24";"-11.94"
"552";"18";"2024-12-25";"-1.06"
"553";"18";"2024-12-26";"-9.85"
"554";"18";"2024-12-27";"-1.24"
"555";"18";"2024-12-28";"1.69"
"556";"18";"2024-12-29";"-11.52"
"557";"18";"2024-12-30";"4.23"
"558";"18";"2024-12-31";"-4.84"
"559";"19";"2024-12-01";"-9.85"
"560";"19";"2024-12-02";"1.08"
"561";"19";"2024-12-03";"-6.25"
"562";"19";"2024-12-04";"-3.73"
"563";"19";"2024-12-05";"-12.42"
"564";"19";"2024-12-06";"-14.37"
"565";"19";"2024-12-07";"1.44"
"566";"19";"2024-12-08";"-11.94"
"567";"19";"2024-12-09";"-7.82"
"568";"19";"2024-12-10";"-14.43"
"569";"19";"2024-12-11";"2.10"
"570";"19";"2024-12-12";"3.90"
"571";"19";"2024-12-13";"-10.14"
"572";"19";"2024-12-14";"3.38"
"573";"19";"2024-12-15";"-1.90"
"574";"19";"2024-12-16";"-12.90"
"575";"19";"2024-12-17";"-16.95"
"576";"19";"2024-12-18";"-5.65"
"577";"19";"2024-12-19";"-12.52"
"578";"19";"2024-12-20";"-15.89"
"579";"19";"2024-12-21";"-16.17"
"580";"19";"2024-12-22";"-0.39"
"581";"19";"2024-12-23";"-17.43"
"582";"19";"2024-12-24";"3.52"
"583";"19";"2024-12-25";"-17.98"
"584";"19";"2024-12-26";"1.38"
"585";"19";"2024-12-27";"-0.75"
"586";"19";"2024-12-28";"-10.06"
"587";"19";"2024-12-29";"-8.39"
"588";"19";"2024-12-30";"0.99"
"589";"19";"2024-12-31";"-17.74"
"590";"20";"2024-12-01";"-8.61"
"591";"20";"2024-12-02";"-10.44"
"592";"20";"2024-12-03";"-13.58"
"593";"20";"2024-12-04";"-16.09"
"594";"20";"2024-12-05";"3.97"
"595";"20";"2024-12-06";"-17.45"
"596";"20";"2024-12-07";"-11.63"
"597";"20";"2024-12-08";"-19.33"
"598";"20";"2024-12-09";"-7.15"
"599";"20";"2024-12-10";"-6.75"
"600";"20";"2024-12-11";"-17.67"
"601";"20";"2024-12-12";"-3.70"
"602";"20";"2024-12-13";"-12.32"
"603";"20";"2024-12-14";"3.76"
"604";"20";"2024-12-15";"3.63"
"605";"20";"2024-12-16";"-8.72"
"606";"20";"2024-12-17";"-14.45"
"607";"20";"2024-12-18";"-5.15"
"608";"20";"2024-12-19";"-19.54"
"609";"20";"2024-12-20";"-11.69"
"610";"20";"2024-12-21";"-19.76"
"611";"20";"2024-12-22";"3.11"
"612";"20";"2024-12-23";"4.69"
"613";"20";"2024-12-24";"-0.67"
"614";"20";"2024-12-25";"-17.31"
"615";"20";"2024-12-26";"-3.04"
"616";"20";"2024-12-27";"-4.24"
"617";"20";"2024-12-28";"-2.08"
"618";"20";"2024-12-29";"4.36"
"619";"20";"2024-12-30";"-0.68"
"620";"20";"2024-12-31";"3.63"
"621";"21";"2024-12-01";"-6.58"
"622";"21";"2024-12-02";"-9.18"
"623";"21";"2024-12-03";"-6.99"
"624";"21";"2024-12-04";"0.15"
"625";"21";"2024-12-05";"-7.45"
"626";"21";"2024-12-06";"-6.11"
"627";"21";"2024-12-07";"-15.07"
"628";"21";"2024-12-08";"-0.61"
"629";"21";"2024-12-09";"-7.04"
"630";"21";"2024-12-10";"-15.24"
"631";"21";"2024-12-11";"-1.95"
"632";"21";"2024-12-12";"-10.61"
"633";"21";"2024-12-13";"-9.99"
"634";"21";"2024-12-14";"-12.98"
"635";"21";"2024-12-15";"-14.77"
"636";"21";"2024-12-16";"-9.19"
"637";"21";"2024-12-17";"-11.95"
"638";"21";"2024-12-18";"-0.30"
"639";"21";"2024-12-19";"-11.83"
"640";"21";"2024-12-20";"-3.25"
"641";"21";"2024-12-21";"4.41"
"642";"21";"2024-12-22";"-0.17"
"643";"21";"2024-12-23";"-18.88"
"644";"21";"2024-12-24";"0.39"
"645";"21";"2024-12-25";"-9.37"
"646";"21";"2024-12-26";"-18.81"
"647";"21";"2024-12-27";"-11.57"
"648";"21";"2024-12-28";"2.53"
"649";"21";"2024-12-29";"-13.33"
"650";"21";"2024-12-30";"-1.73"
"651";"21";"2024-12-31";"-1.71"
"652";"22";"2024-12-01";"4.80"
"653";"22";"2024-12-02";"-15.13"
"654";"22";"2024-12-03";"-6.24"
"655";"22";"2024-12-04";"-7.56"
"656";"22";"2024-12-05";"-4.36"
"657";"22";"2024-12-06";"-2.82"
"658";"22";"2024-12-07";"-6.24"
"659";"22";"2024-12-08";"0.67"
"660";"22";"2024-12-09";"-9.42"
"661";"22";"2024-12-10";"-16.83"
"662";"22";"2024-12-11";"-2.02"
"663";"22";"2024-12-12";"-3.07"
"664";"22";"2024-12-13";"-19.62"
"665";"22";"2024-12-14";"-19.05"
"666";"22";"2024-12-15";"-11.89"
"667";"22";"2024-12-16";"-5.49"
"668";"22";"2024-12-17";"-0.11"
"669";"22";"2024-12-18";"-17.06"
"670";"22";"2024-12-19";"-18.98"
"671";"22";"2024-12-20";"-15.33"
"672";"22";"2024-12-21";"-17.67"
"673";"22";"2024-12-22";"-17.17"
"674";"22";"2024-12-23";"-9.64"
"675";"22";"2024-12-24";"-14.49"
"676";"22";"2024-12-25";"-15.57"
"677";"22";"2024-12-26";"-17.50"
"678";"22";"2024-12-27";"-2.38"
"679";"22";"2024-12-28";"-16.64"
"680";"22";"2024-12-29";"-10.82"
"681";"22";"2024-12-30";"-0.99"
"682";"22";"2024-12-31";"-10.29"
"683";"23";"2024-12-01";"-6.43"
"684";"23";"2024-12-02";"-8.40"
"685";"23";"2024-12-03";"-16.46"
"686";"23";"2024-12-04";"-14.87"
"687";"23";"2024-12-05";"4.44"
"688";"23";"2024-12-06";"4.27"
"689";"23";"2024-12-07";"-16.94"
"690";"23";"2024-12-08";"2.24"
"691";"23";"2024-12-09";"-12.87"
"692";"23";"2024-12-10";"-9.11"
"693";"23";"2024-12-11";"-13.64"
"694";"23";"2024-12-12";"-7.60"
"695";"23";"2024-12-13";"-18.44"
"696";"23";"2024-12-14";"4.00"
"697";"23";"2024-12-15";"-0.73"
"698";"23";"2024-12-16";"-17.41"
"699";"23";"2024-12-17";"-3.40"
"700";"23";"2024-12-18";"-11.66"
"701";"23";"2024-12-19";"-12.08"
"702";"23";"2024-12-20";"2.86"
"703";"23";"2024-12-21";"-0.91"
"704";"23";"2024-12-22";"-2.81"
"705";"23";"2024-12-23";"-11.00"
"706";"23";"2024-12-24";"-8.17"
"707";"23";"2024-12-25";"-9.29"
"708";"23";"2024-12-26";"-9.64"
"709";"23";"2024-12-27";"3.20"
"710";"23";"2024-12-28";"1.31"
"711";"23";"2024-12-29";"3.84"
"712";"23";"2024-12-30";"-7.13"
"713";"23";"2024-12-31";"-19.84"
"714";"24";"2024-12-01";"-15.93"
"715";"24";"2024-12-02";"-19.24"
"716";"24";"2024-12-03";"-18.36"
"717";"24";"2024-12-04";"-14.12"
"718";"24";"2024-12-05";"-5.13"
"719";"24";"2024-12-06";"-11.97"
"720";"24";"2024-12-07";"-1.83"
"721";"24";"2024-12-08";"2.15"
"722";"24";"2024-12-09";"0.79"
"723";"24";"2024-12-10";"-18.08"
"724";"24";"2024-12-11";"-6.79"
"725";"24";"2024-12-12";"-12.89"
"726";"24";"2024-12-13";"-8.84"
"727";"24";"2024-12-14";"-2.59"
"728";"24";"2024-12-15";"2.05"
"729";"24";"2024-12-16";"-19.13"
"730";"24";"2024-12-17";"-15.33"
"731";"24";"2024-12-18";"-3.16"
"732";"24";"2024-12-19";"-11.28"
"733";"24";"2024-12-20";"-10.77"
"734";"24";"2024-12-21";"-16.03"
"735";"24";"2024-12-22";"-5.45"
"736";"24";"2024-12-23";"3.23"
"737";"24";"2024-12-24";"-7.30"
"738";"24";"2024-12-25";"-9.25"
"739";"24";"2024-12-26";"-1.22"
"740";"24";"2024-12-27";"-9.05"
"741";"24";"2024-12-28";"-5.98"
"742";"24";"2024-12-29";"-12.25"
"743";"24";"2024-12-30";"-16.84"
"744";"24";"2024-12-31";"-0.99"
"745";"25";"2024-12-01";"-7.35"
"746";"25";"2024-12-02";"-3.43"
"747";"25";"2024-12-03";"4.95"
"748";"25";"2024-12-04";"-6.63"
"749";"25";"2024-12-05";"-11.45"
"750";"25";"2024-12-06";"0.70"
"751";"25";"2024-12-07";"-15.31"
"752";"25";"2024-12-08";"0.41"
"753";"25";"2024-12-09";"-7.14"
"754";"25";"2024-12-10";"-2.37"
"755";"25";"2024-12-11";"-10.40"
"756";"25";"2024-12-12";"-6.87"
"757";"25";"2024-12-13";"-0.69"
"758";"25";"2024-12-14";"-17.20"
"759";"25";"2024-12-15";"-18.15"
"760";"25";"2024-12-16";"-17.37"
"761";"25";"2024-12-17";"-19.14"
"762";"25";"2024-12-18";"4.37"
"763";"25";"2024-12-19";"1.52"
"764";"25";"2024-12-20";"-9.83"
"765";"25";"2024-12-21";"-6.48"
"766";"25";"2024-12-22";"-8.79"
"767";"25";"2024-12-23";"-12.99"
"768";"25";"2024-12-24";"4.72"
"769";"25";"2024-12-25";"-14.03"
"770";"25";"2024-12-26";"-12.76"
"771";"25";"2024-12-27";"-6.45"
"772";"25";"2024-12-28";"-4.10"
"773";"25";"2024-12-29";"1.94"
"774";"25";"2024-12-30";"-3.84"
"775";"25";"2024-12-31";"-9.34"
"776";"26";"2024-12-01";"-17.43"
"777";"26";"2024-12-02";"-5.13"
"778";"26";"2024-12-03";"4.79"
"779";"26";"2024-12-04";"-10.43"
"780";"26";"2024-12-05";"-16.85"
"781";"26";"2024-12-06";"-14.25"
"782";"26";"2024-12-07";"-11.30"
"783";"26";"2024-12-08";"3.57"
"784";"26";"2024-12-09";"-3.23"
"785";"26";"2024-12-10";"-8.77"
"786";"26";"2024-12-11";"-19.95"
"787";"26";"2024-12-12";"-19.40"
"788";"26";"2024-12-13";"-7.27"
"789";"26";"2024-12-14";"-16.18"
"790";"26";"2024-12-15";"-8.54"
"791";"26";"2024-12-16";"-12.84"
"792";"26";"2024-12-17";"-9.49"
"793";"26";"2024-12-18";"-10.31"
"794";"26";"2024-12-19";"-2.09"
"795";"26";"2024-12-20";"-1.28"
"796";"26";"2024-12-21";"-1.22"
"797";"26";"2024-12-22";"-13.15"
"798";"26";"2024-12-23";"-12.88"
"799";"26";"2024-12-24";"-17.72"
"800";"26";"2024-12-25";"4.30"
"801";"26";"2024-12-26";"-3.10"
"802";"26";"2024-12-27";"4.58"
"803";"26";"2024-12-28";"-18.79"
"804";"26";"2024-12-29";"-3.64"
"805";"26";"2024-12-30";"-17.46"
"806";"26";"2024-12-31";"-2.25"
"807";"27";"2024-12-01";"-11.21"
"808";"27";"2024-12-02";"-15.67"
"809";"27";"2024-12-03";"-19.56"
"810";"27";"2024-12-04";"-13.13"
"811";"27";"2024-12-05";"-1.71"
"812";"27";"2024-12-06";"4.66"
"813";"27";"2024-12-07";"-9.58"
"814";"27";"2024-12-08";"4.39"
"815";"27";"2024-12-09";"-1.09"
"816";"27";"2024-12-10";"-17.01"
"817";"27";"2024-12-11";"-2.60"
"818";"27";"2024-12-12";"-9.51"
"819";"27";"2024-12-13";"-16.76"
"820";"27";"2024-12-14";"2.99"
"821";"27";"2024-12-15";"-17.43"
"822";"27";"2024-12-16";"-14.46"
"823";"27";"2024-12-17";"-5.05"
"824";"27";"2024-12-18";"-0.86"
"825";"27";"2024-12-19";"-16.76"
"826";"27";"2024-12-20";"3.70"
"827";"27";"2024-12-21";"-6.33"
"828";"27";"2024-12-22";"-15.82"
"829";"27";"2024-12-23";"-3.87"
"830";"27";"2024-12-24";"-14.90"
"831";"27";"2024-12-25";"-1.58"
"832";"27";"2024-12-26";"1.94"
"833";"27";"2024-12-27";"-19.02"
"834";"27";"2024-12-28";"-13.91"
"835";"27";"2024-12-29";"-10.28"
"836";"27";"2024-12-30";"-5.00"
"837";"27";"2024-12-31";"-9.44"
"838";"28";"2024-12-01";"-0.69"
"839";"28";"2024-12-02";"-3.66"
"840";"28";"2024-12-03";"-9.92"
"841";"28";"2024-12-04";"3.52"
"842";"28";"2024-12-05";"-2.25"
"843";"28";"2024-12-06";"-9.66"
"844";"28";"2024-12-07";"-3.40"
"845";"28";"2024-12-08";"-15.59"
"846";"28";"2024-12-09";"4.96"
"847";"28";"2024-12-10";"0.70"
"848";"28";"2024-12-11";"-0.72"
"849";"28";"2024-12-12";"1.94"
"850";"28";"2024-12-13";"-3.15"
"851";"28";"2024-12-14";"0.91"
"852";"28";"2024-12-15";"-15.97"
"853";"28";"2024-12-16";"-15.13"
"854";"28";"2024-12-17";"-7.82"
"855";"28";"2024-12-18";"-2.48"
"856";"28";"2024-12-19";"-14.20"
"857";"28";"2024-12-20";"-8.35"
"858";"28";"2024-12-21";"1.80"
"859";"28";"2024-12-22";"-19.25"
"860";"28";"2024-12-23";"-12.34"
"861";"28";"2024-12-24";"-18.24"
"862";"28";"2024-12-25";"-19.70"
"863";"28";"2024-12-26";"-14.15"
"864";"28";"2024-12-27";"-8.32"
"865";"28";"2024-12-28";"-13.41"
"866";"28";"2024-12-29";"3.79"
"867";"28";"2024-12-30";"-10.75"
"868";"28";"2024-12-31";"-18.59"
"869";"29";"2024-12-01";"-13.15"
"870";"29";"2024-12-02";"-4.44"
"871";"29";"2024-12-03";"-3.75"
"872";"29";"2024-12-04";"-9.20"
"873";"29";"2024-12-05";"-16.96"
"874";"29";"2024-12-06";"-16.65"
"875";"29";"2024-12-07";"-9.32"
"876";"29";"2024-12-08";"-8.79"
"877";"29";"2024-12-09";"-2.91"
"878";"29";"2024-12-10";"-11.56"
"879";"29";"2024-12-11";"-19.61"
"880";"29";"2024-12-12";"-18.48"
"881";"29";"2024-12-13";"-10.77"
"882";"29";"2024-12-14";"-10.69"
"883";"29";"2024-12-15";"-4.49"
"884";"29";"2024-12-16";"-14.82"
"885";"29";"2024-12-17";"-12.96"
"886";"29";"2024-12-18";"-15.96"
"887";"29";"2024-12-19";"-2.85"
"888";"29";"2024-12-20";"-1.05"
"889";"29";"2024-12-21";"-15.05"
"890";"29";"2024-12-22";"-9.54"
"891";"29";"2024-12-23";"-16.96"
"892";"29";"2024-12-24";"-18.44"
"893";"29";"2024-12-25";"-15.82"
"894";"29";"2024-12-26";"-4.20"
"895";"29";"2024-12-27";"-0.31"
"896";"29";"2024-12-28";"-14.10"
"897";"29";"2024-12-29";"-18.35"
"898";"29";"2024-12-30";"-6.03"
"899";"29";"2024-12-31";"-10.43"
"900";"30";"2024-12-01";"-1.34"
"901";"30";"2024-12-02";"-7.46"
"902";"30";"2024-12-03";"-0.52"
"903";"30";"2024-12-04";"-17.06"
"904";"30";"2024-12-05";"-10.18"
"905";"30";"2024-12-06";"-17.14"
"906";"30";"2024-12-07";"4.69"
"907";"30";"2024-12-08";"-7.29"
"908";"30";"2024-12-09";"1.10"
"909";"30";"2024-12-10";"-1.24"
"910";"30";"2024-12-11";"-9.80"
"911";"30";"2024-12-12";"-5.81"
"912";"30";"2024-12-13";"-16.34"
"913";"30";"2024-12-14";"-1.92"
"914";"30";"2024-12-15";"-0.93"
"915";"30";"2024-12-16";"-15.10"
"916";"30";"2024-12-17";"-5.75"
"917";"30";"2024-12-18";"-10.47"
"918";"30";"2024-12-19";"-18.51"
"919";"30";"2024-12-20";"-18.37"
"920";"30";"2024-12-21";"4.21"
"921";"30";"2024-12-22";"-5.15"
"922";"30";"2024-12-23";"-7.06"
"923";"30";"2024-12-24";"-2.22"
"924";"30";"2024-12-25";"4.43"
"925";"30";"2024-12-26";"-18.26"
"926";"30";"2024-12-27";"-8.07"
"927";"30";"2024-12-28";"-4.11"
"928";"30";"2024-12-29";"-1.36"
"929";"30";"2024-12-30";"-5.70"
"930";"30";"2024-12-31";"-2.22"
"931";"31";"2024-12-01";"-17.19"
"932";"31";"2024-12-02";"1.23"
"933";"31";"2024-12-03";"-19.15"
"934";"31";"2024-12-04";"-16.92"
"935";"31";"2024-12-05";"-10.38"
"936";"31";"2024-12-06";"-19.22"
"937";"31";"2024-12-07";"-11.29"
"938";"31";"2024-12-08";"-14.55"
"939";"31";"2024-12-09";"-15.49"
"940";"31";"2024-12-10";"-6.38"
"941";"31";"2024-12-11";"-5.32"
"942";"31";"2024-12-12";"-14.79"
"943";"31";"2024-12-13";"-3.36"
"944";"31";"2024-12-14";"-1.56"
"945";"31";"2024-12-15";"-16.09"
"946";"31";"2024-12-16";"-10.20"
"947";"31";"2024-12-17";"-14.72"
"948";"31";"2024-12-18";"-2.55"
"949";"31";"2024-12-19";"-17.70"
"950";"31";"2024-12-20";"-14.60"
"951";"31";"2024-12-21";"-5.12"
"952";"31";"2024-12-22";"-19.77"
"953";"31";"2024-12-23";"-9.50"
"954";"31";"2024-12-24";"0.85"
"955";"31";"2024-12-25";"-16.16"
"956";"31";"2024-12-26";"-4.86"
"957";"31";"2024-12-27";"-14.68"
"958";"31";"2024-12-28";"-7.15"
"959";"31";"2024-12-29";"-15.30"
"960";"31";"2024-12-30";"-9.51"
"961";"31";"2024-12-31";"4.13"
"962";"32";"2024-12-01";"-8.95"
"963";"32";"2024-12-02";"4.80"
"964";"32";"2024-12-03";"-12.03"
"965";"32";"2024-12-04";"-5.69"
"966";"32";"2024-12-05";"-0.46"
"967";"32";"2024-12-06";"-11.67"
"968";"32";"2024-12-07";"-17.91"
"969";"32";"2024-12-08";"-11.61"
"970";"32";"2024-12-09";"-17.19"
"971";"32";"2024-12-10";"-2.61"
"972";"32";"2024-12-11";"-8.42"
"973";"32";"2024-12-12";"-9.94"
"974";"32";"2024-12-13";"-1.08"
"975";"32";"2024-12-14";"-13.27"
"976";"32";"2024-12-15";"-0.17"
"977";"32";"2024-12-16";"1.54"
"978";"32";"2024-12-17";"-9.00"
"979";"32";"2024-12-18";"4.48"
"980";"32";"2024-12-19";"-16.73"
"981";"32";"2024-12-20";"-19.16"
"982";"32";"2024-12-21";"-15.89"
"983";"32";"2024-12-22";"-11.03"
"984";"32";"2024-12-23";"-8.03"
"985";"32";"2024-12-24";"-7.40"
"986";"32";"2024-12-25";"-19.75"
"987";"32";"2024-12-26";"-11.14"
"988";"32";"2024-12-27";"-2.87"
"989";"32";"2024-12-28";"0.56"
"990";"32";"2024-12-29";"-6.02"
"991";"32";"2024-12-30";"4.17"
"992";"32";"2024-12-31";"-15.54"
"993";"33";"2024-12-01";"-9.15"
"994";"33";"2024-12-02";"-17.30"
"995";"33";"2024-12-03";"-8.10"
"996";"33";"2024-12-04";"1.68"
"997";"33";"2024-12-05";"-14.16"
"998";"33";"2024-12-06";"-19.82"
"999";"33";"2024-12-07";"3.77"
"1000";"33";"2024-12-08";"1.74"
"1001";"33";"2024-12-09";"-7.45"
"1002";"33";"2024-12-10";"-7.42"
"1003";"33";"2024-12-11";"-4.59"
"1004";"33";"2024-12-12";"-9.10"
"1005";"33";"2024-12-13";"0.68"
"1006";"33";"2024-12-14";"-1.73"
"1007";"33";"2024-12-15";"-11.67"
"1008";"33";"2024-12-16";"-19.49"
"1009";"33";"2024-12-17";"-15.53"
"1010";"33";"2024-12-18";"-13.63"
"1011";"33";"2024-12-19";"-6.90"
"1012";"33";"2024-12-20";"2.37"
"1013";"33";"2024-12-21";"-7.41"
"1014";"33";"2024-12-22";"-15.42"
"1015";"33";"2024-12-23";"-1.27"
"1016";"33";"2024-12-24";"-8.83"
"1017";"33";"2024-12-25";"-10.33"
"1018";"33";"2024-12-26";"-14.02"
"1019";"33";"2024-12-27";"4.30"
"1020";"33";"2024-12-28";"-11.45"
"1021";"33";"2024-12-29";"-10.43"
"1022";"33";"2024-12-30";"-0.47"
"1023";"33";"2024-12-31";"4.06"
"1024";"34";"2024-12-01";"-17.15"
"1025";"34";"2024-12-02";"-4.19"
"1026";"34";"2024-12-03";"-7.82"
"1027";"34";"2024-12-04";"2.90"
"1028";"34";"2024-12-05";"-7.85"
"1029";"34";"2024-12-06";"-16.25"
"1030";"34";"2024-12-07";"-19.43"
"1031";"34";"2024-12-08";"-19.74"
"1032";"34";"2024-12-09";"-1.63"
"1033";"34";"2024-12-10";"-16.92"
"1034";"34";"2024-12-11";"-3.11"
"1035";"34";"2024-12-12";"-15.54"
"1036";"34";"2024-12-13";"-15.71"
"1037";"34";"2024-12-14";"-4.24"
"1038";"34";"2024-12-15";"-15.51"
"1039";"34";"2024-12-16";"1.64"
"1040";"34";"2024-12-17";"-2.53"
"1041";"34";"2024-12-18";"-16.61"
"1042";"34";"2024-12-19";"2.96"
"1043";"34";"2024-12-20";"-16.78"
"1044";"34";"2024-12-21";"-7.91"
"1045";"34";"2024-12-22";"-14.53"
"1046";"34";"2024-12-23";"-2.85"
"1047";"34";"2024-12-24";"-5.91"
"1048";"34";"2024-12-25";"-6.12"
"1049";"34";"2024-12-26";"-16.77"
"1050";"34";"2024-12-27";"-15.80"
"1051";"34";"2024-12-28";"-17.84"
"1052";"34";"2024-12-29";"-17.92"
"1053";"34";"2024-12-30";"-12.12"
"1054";"34";"2024-12-31";"-19.77"
"1055";"35";"2024-12-01";"-5.00"
"1056";"35";"2024-12-02";"-2.66"
"1057";"35";"2024-12-03";"1.95"
"1058";"35";"2024-12-04";"0.88"
"1059";"35";"2024-12-05";"-18.24"
"1060";"35";"2024-12-06";"-17.83"
"1061";"35";"2024-12-07";"-9.07"
"1062";"35";"2024-12-08";"-3.86"
"1063";"35";"2024-12-09";"-9.89"
"1064";"35";"2024-12-10";"-10.99"
"1065";"35";"2024-12-11";"4.60"
"1066";"35";"2024-12-12";"-6.69"
"1067";"35";"2024-12-13";"-4.29"
"1068";"35";"2024-12-14";"-5.18"
"1069";"35";"2024-12-15";"1.73"
"1070";"35";"2024-12-16";"-10.18"
"1071";"35";"2024-12-17";"-16.96"
"1072";"35";"2024-12-18";"-2.83"
"1073";"35";"2024-12-19";"-7.84"
"1074";"35";"2024-12-20";"-0.14"
"1075";"35";"2024-12-21";"2.07"
"1076";"35";"2024-12-22";"3.36"
"1077";"35";"2024-12-23";"-9.56"
"1078";"35";"2024-12-24";"-0.06"
"1079";"35";"2024-12-25";"-1.95"
"1080";"35";"2024-12-26";"-9.18"
"1081";"35";"2024-12-27";"3.25"
"1082";"35";"2024-12-28";"-1.20"
"1083";"35";"2024-12-29";"-6.85"
"1084";"35";"2024-12-30";"-3.11"
"1085";"35";"2024-12-31";"-19.95"
"1086";"36";"2024-12-01";"-14.72"
"1087";"36";"2024-12-02";"-4.90"
"1088";"36";"2024-12-03";"-14.22"
"1089";"36";"2024-12-04";"4.17"
"1090";"36";"2024-12-05";"-19.00"
"1091";"36";"2024-12-06";"4.70"
"1092";"36";"2024-12-07";"-18.28"
"1093";"36";"2024-12-08";"-9.94"
"1094";"36";"2024-12-09";"1.78"
"1095";"36";"2024-12-10";"-4.28"
"1096";"36";"2024-12-11";"2.23"
"1097";"36";"2024-12-12";"-11.64"
"1098";"36";"2024-12-13";"3.68"
"1099";"36";"2024-12-14";"-15.99"
"1100";"36";"2024-12-15";"-7.60"
"1101";"36";"2024-12-16";"-2.21"
"1102";"36";"2024-12-17";"-14.44"
"1103";"36";"2024-12-18";"3.06"
"1104";"36";"2024-12-19";"-7.66"
"1105";"36";"2024-12-20";"-14.32"
"1106";"36";"2024-12-21";"-4.18"
"1107";"36";"2024-12-22";"1.89"
"1108";"36";"2024-12-23";"-16.30"
"1109";"36";"2024-12-24";"-13.67"
"1110";"36";"2024-12-25";"-14.25"
"1111";"36";"2024-12-26";"-11.55"
"1112";"36";"2024-12-27";"-5.38"
"1113";"36";"2024-12-28";"-7.92"
"1114";"36";"2024-12-29";"-0.74"
"1115";"36";"2024-12-30";"-15.80"
"1116";"36";"2024-12-31";"-6.41"
"1117";"37";"2024-12-01";"-19.49"
"1118";"37";"2024-12-02";"-4.67"
"1119";"37";"2024-12-03";"-6.37"
"1120";"37";"2024-12-04";"-15.02"
"1121";"37";"2024-12-05";"2.10"
"1122";"37";"2024-12-06";"-4.84"
"1123";"37";"2024-12-07";"-15.16"
"1124";"37";"2024-12-08";"-6.65"
"1125";"37";"2024-12-09";"2.20"
"1126";"37";"2024-12-10";"-3.49"
"1127";"37";"2024-12-11";"4.29"
"1128";"37";"2024-12-12";"-16.03"
"1129";"37";"2024-12-13";"-15.28"
"1130";"37";"2024-12-14";"3.82"
"1131";"37";"2024-12-15";"-1.21"
"1132";"37";"2024-12-16";"-17.57"
"1133";"37";"2024-12-17";"-8.60"
"1134";"37";"2024-12-18";"-4.75"
"1135";"37";"2024-12-19";"0.39"
"1136";"37";"2024-12-20";"-8.43"
"1137";"37";"2024-12-21";"1.31"
"1138";"37";"2024-12-22";"-16.62"
"1139";"37";"2024-12-23";"-13.37"
"1140";"37";"2024-12-24";"-15.31"
"1141";"37";"2024-12-25";"-6.95"
"1142";"37";"2024-12-26";"-10.89"
"1143";"37";"2024-12-27";"-0.86"
"1144";"37";"2024-12-28";"-3.73"
"1145";"37";"2024-12-29";"-13.84"
"1146";"37";"2024-12-30";"-15.91"
"1147";"37";"2024-12-31";"-15.66"
"1148";"38";"2024-12-01";"-16.42"
"1149";"38";"2024-12-02";"-17.55"
"1150";"38";"2024-12-03";"-0.48"
"1151";"38";"2024-12-04";"1.93"
"1152";"38";"2024-12-05";"-5.00"
"1153";"38";"2024-12-06";"-1.24"
"1154";"38";"2024-12-07";"-11.93"
"1155";"38";"2024-12-08";"-12.55"
"1156";"38";"2024-12-09";"-8.68"
"1157";"38";"2024-12-10";"-18.02"
"1158";"38";"2024-12-11";"-1.29"
"1159";"38";"2024-12-12";"-6.08"
"1160";"38";"2024-12-13";"-18.64"
"1161";"38";"2024-12-14";"-17.67"
"1162";"38";"2024-12-15";"-19.58"
"1163";"38";"2024-12-16";"1.72"
"1164";"38";"2024-12-17";"-7.05"
"1165";"38";"2024-12-18";"-1.18"
"1166";"38";"2024-12-19";"-18.96"
"1167";"38";"2024-12-20";"-7.76"
"1168";"38";"2024-12-21";"-19.13"
"1169";"38";"2024-12-22";"-2.64"
"1170";"38";"2024-12-23";"-7.36"
"1171";"38";"2024-12-24";"-7.21"
"1172";"38";"2024-12-25";"-13.19"
"1173";"38";"2024-12-26";"-10.63"
"1174";"38";"2024-12-27";"4.85"
"1175";"38";"2024-12-28";"-9.22"
"1176";"38";"2024-12-29";"2.55"
"1177";"38";"2024-12-30";"-14.72"
"1178";"38";"2024-12-31";"-13.61"
"1179";"39";"2024-12-01";"1.22"
"1180";"39";"2024-12-02";"-18.51"
"1181";"39";"2024-12-03";"-15.45"
"1182";"39";"2024-12-04";"-4.79"
"1183";"39";"2024-12-05";"-12.78"
"1184";"39";"2024-12-06";"-19.76"
"1185";"39";"2024-12-07";"-2.90"
"1186";"39";"2024-12-08";"-4.51"
"1187";"39";"2024-12-09";"3.52"
"1188";"39";"2024-12-10";"-15.23"
"1189";"39";"2024-12-11";"4.80"
"1190";"39";"2024-12-12";"-5.26"
"1191";"39";"2024-12-13";"3.59"
"1192";"39";"2024-12-14";"0.94"
"1193";"39";"2024-12-15";"-5.44"
"1194";"39";"2024-12-16";"-7.63"
"1195";"39";"2024-12-17";"-19.11"
"1196";"39";"2024-12-18";"-17.75"
"1197";"39";"2024-12-19";"-7.24"
"1198";"39";"2024-12-20";"-10.64"
"1199";"39";"2024-12-21";"-5.85"
"1200";"39";"2024-12-22";"2.44"
"1201";"39";"2024-12-23";"-11.03"
"1202";"39";"2024-12-24";"2.69"
"1203";"39";"2024-12-25";"-1.19"
"1204";"39";"2024-12-26";"-19.84"
"1205";"39";"2024-12-27";"-17.67"
"1206";"39";"2024-12-28";"-19.95"
"1207";"39";"2024-12-29";"0.31"
"1208";"39";"2024-12-30";"4.20"
"1209";"39";"2024-12-31";"1.62"
"1210";"40";"2024-12-01";"0.56"
"1211";"40";"2024-12-02";"-12.32"
"1212";"40";"2024-12-03";"0.42"
"1213";"40";"2024-12-04";"-15.40"
"1214";"40";"2024-12-05";"-0.30"
"1215";"40";"2024-12-06";"-0.57"
"1216";"40";"2024-12-07";"-4.29"
"1217";"40";"2024-12-08";"-19.15"
"1218";"40";"2024-12-09";"1.76"
"1219";"40";"2024-12-10";"-8.05"
"1220";"40";"2024-12-11";"-0.46"
"1221";"40";"2024-12-12";"2.70"
"1222";"40";"2024-12-13";"-16.20"
"1223";"40";"2024-12-14";"-18.82"
"1224";"40";"2024-12-15";"4.23"
"1225";"40";"2024-12-16";"-14.41"
"1226";"40";"2024-12-17";"-17.48"
"1227";"40";"2024-12-18";"-11.61"
"1228";"40";"2024-12-19";"3.42"
"1229";"40";"2024-12-20";"-6.35"
"1230";"40";"2024-12-21";"-4.32"
"1231";"40";"2024-12-22";"-5.40"
"1232";"40";"2024-12-23";"-19.65"
"1233";"40";"2024-12-24";"-7.29"
"1234";"40";"2024-12-25";"1.22"
"1235";"40";"2024-12-26";"-10.62"
"1236";"40";"2024-12-27";"-16.40"
"1237";"40";"2024-12-28";"4.14"
"1238";"40";"2024-12-29";"-17.23"
"1239";"40";"2024-12-30";"-0.90"
"1240";"40";"2024-12-31";"-15.54"
"1241";"41";"2024-12-01";"3.51"
"1242";"41";"2024-12-02";"1.98"
"1243";"41";"2024-12-03";"-16.57"
"1244";"41";"2024-12-04";"3.55"
"1245";"41";"2024-12-05";"-5.84"
"1246";"41";"2024-12-06";"-13.54"
"1247";"41";"2024-12-07";"-14.41"
"1248";"41";"2024-12-08";"-5.82"
"1249";"41";"2024-12-09";"-7.97"
"1250";"41";"2024-12-10";"-18.80"
"1251";"41";"2024-12-11";"-1.30"
"1252";"41";"2024-12-12";"-4.28"
"1253";"41";"2024-12-13";"-12.12"
"1254";"41";"2024-12-14";"-11.57"
"1255";"41";"2024-12-15";"-3.72"
"1256";"41";"2024-12-16";"-5.47"
"1257";"41";"2024-12-17";"-19.01"
"1258";"41";"2024-12-18";"-4.21"
"1259";"41";"2024-12-19";"2.77"
"1260";"41";"2024-12-20";"-6.71"
"1261";"41";"2024-12-21";"-4.70"
"1262";"41";"2024-12-22";"-12.64"
"1263";"41";"2024-12-23";"-12.53"
"1264";"41";"2024-12-24";"-5.68"
"1265";"41";"2024-12-25";"0.63"
"1266";"41";"2024-12-26";"-6.28"
"1267";"41";"2024-12-27";"1.64"
"1268";"41";"2024-12-28";"-9.83"
"1269";"41";"2024-12-29";"-5.30"
"1270";"41";"2024-12-30";"-4.18"
"1271";"41";"2024-12-31";"-5.38"
"1272";"42";"2024-12-01";"1.65"
"1273";"42";"2024-12-02";"-12.59"
"1274";"42";"2024-12-03";"-6.68"
"1275";"42";"2024-12-04";"-8.13"
"1276";"42";"2024-12-05";"-6.03"
"1277";"42";"2024-12-06";"-13.84"
"1278";"42";"2024-12-07";"-0.28"
"1279";"42";"2024-12-08";"-1.81"
"1280";"42";"2024-12-09";"-10.61"
"1281";"42";"2024-12-10";"-4.90"
"1282";"42";"2024-12-11";"-4.39"
"1283";"42";"2024-12-12";"-16.44"
"1284";"42";"2024-12-13";"-17.01"
"1285";"42";"2024-12-14";"-10.58"
"1286";"42";"2024-12-15";"-6.86"
"1287";"42";"2024-12-16";"-0.40"
"1288";"42";"2024-12-17";"-0.64"
"1289";"42";"2024-12-18";"-7.71"
"1290";"42";"2024-12-19";"-10.49"
"1291";"42";"2024-12-20";"2.83"
"1292";"42";"2024-12-21";"-2.66"
"1293";"42";"2024-12-22";"-16.84"
"1294";"42";"2024-12-23";"-2.45"
"1295";"42";"2024-12-24";"-13.50"
"1296";"42";"2024-12-25";"-13.43"
"1297";"42";"2024-12-26";"-4.61"
"1298";"42";"2024-12-27";"-8.12"
"1299";"42";"2024-12-28";"-16.43"
"1300";"42";"2024-12-29";"-10.58"
"1301";"42";"2024-12-30";"4.46"
"1302";"42";"2024-12-31";"-3.21"
"1303";"43";"2024-12-01";"-13.30"
"1304";"43";"2024-12-02";"-1.00"
"1305";"43";"2024-12-03";"-3.06"
"1306";"43";"2024-12-04";"-4.37"
"1307";"43";"2024-12-05";"-10.88"
"1308";"43";"2024-12-06";"-5.32"
"1309";"43";"2024-12-07";"-11.20"
"1310";"43";"2024-12-08";"-18.24"
"1311";"43";"2024-12-09";"-16.85"
"1312";"43";"2024-12-10";"3.92"
"1313";"43";"2024-12-11";"1.82"
"1314";"43";"2024-12-12";"-8.93"
"1315";"43";"2024-12-13";"-18.91"
"1316";"43";"2024-12-14";"-2.67"
"1317";"43";"2024-12-15";"0.06"
"1318";"43";"2024-12-16";"-14.15"
"1319";"43";"2024-12-17";"-2.96"
"1320";"43";"2024-12-18";"-3.54"
"1321";"43";"2024-12-19";"-1.32"
"1322";"43";"2024-12-20";"-17.67"
"1323";"43";"2024-12-21";"-18.48"
"1324";"43";"2024-12-22";"4.98"
"1325";"43";"2024-12-23";"-5.45"
"1326";"43";"2024-12-24";"-8.35"
"1327";"43";"2024-12-25";"-10.26"
"1328";"43";"2024-12-26";"-1.26"
"1329";"43";"2024-12-27";"-18.71"
"1330";"43";"2024-12-28";"4.18"
"1331";"43";"2024-12-29";"-17.87"
"1332";"43";"2024-12-30";"-5.67"
"1333";"43";"2024-12-31";"3.02"
"1334";"44";"2024-12-01";"-4.66"
"1335";"44";"2024-12-02";"-5.41"
"1336";"44";"2024-12-03";"-19.45"
"1337";"44";"2024-12-04";"-16.70"
"1338";"44";"2024-12-05";"-3.22"
"1339";"44";"2024-12-06";"-9.62"
"1340";"44";"2024-12-07";"-12.76"
"1341";"44";"2024-12-08";"-14.32"
"1342";"44";"2024-12-09";"-11.72"
"1343";"44";"2024-12-10";"-11.05"
"1344";"44";"2024-12-11";"0.64"
"1345";"44";"2024-12-12";"-4.25"
"1346";"44";"2024-12-13";"-17.56"
"1347";"44";"2024-12-14";"-4.13"
"1348";"44";"2024-12-15";"-8.71"
"1349";"44";"2024-12-16";"-3.16"
"1350";"44";"2024-12-17";"-15.94"
"1351";"44";"2024-12-18";"-3.25"
"1352";"44";"2024-12-19";"-17.06"
"1353";"44";"2024-12-20";"-4.83"
"1354";"44";"2024-12-21";"-17.89"
"1355";"44";"2024-12-22";"-17.37"
"1356";"44";"2024-12-23";"-7.60"
"1357";"44";"2024-12-24";"-16.86"
"1358";"44";"2024-12-25";"-8.10"
"1359";"44";"2024-12-26";"-0.63"
"1360";"44";"2024-12-27";"-7.96"
"1361";"44";"2024-12-28";"2.69"
"1362";"44";"2024-12-29";"-3.79"
"1363";"44";"2024-12-30";"-10.01"
"1364";"44";"2024-12-31";"-19.67"
"1365";"45";"2024-12-01";"-1.39"
"1366";"45";"2024-12-02";"-7.37"
"1367";"45";"2024-12-03";"1.42"
"1368";"45";"2024-12-04";"-2.24"
"1369";"45";"2024-12-05";"-1.07"
"1370";"45";"2024-12-06";"-1.91"
"1371";"45";"2024-12-07";"-14.71"
"1372";"45";"2024-12-08";"-14.02"
"1373";"45";"2024-12-09";"-4.71"
"1374";"45";"2024-12-10";"-13.08"
"1375";"45";"2024-12-11";"0.67"
"1376";"45";"2024-12-12";"-14.25"
"1377";"45";"2024-12-13";"-16.92"
"1378";"45";"2024-12-14";"-7.33"
"1379";"45";"2024-12-15";"-9.10"
"1380";"45";"2024-12-16";"-9.61"
"1381";"45";"2024-12-17";"-4.29"
"1382";"45";"2024-12-18";"3.78"
"1383";"45";"2024-12-19";"-6.86"
"1384";"45";"2024-12-20";"3.82"
"1385";"45";"2024-12-21";"-19.92"
"1386";"45";"2024-12-22";"-11.53"
"1387";"45";"2024-12-23";"2.10"
"1388";"45";"2024-12-24";"-6.99"
"1389";"45";"2024-12-25";"-6.25"
"1390";"45";"2024-12-26";"-18.42"
"1391";"45";"2024-12-27";"-14.40"
"1392";"45";"2024-12-28";"-8.92"
"1393";"45";"2024-12-29";"-5.97"
"1394";"45";"2024-12-30";"-17.78"
"1395";"45";"2024-12-31";"-14.40"
"1396";"46";"2024-12-01";"-1.50"
"1397";"46";"2024-12-02";"-1.96"
"1398";"46";"2024-12-03";"-9.86"
"1399";"46";"2024-12-04";"-13.35"
"1400";"46";"2024-12-05";"-4.53"
"1401";"46";"2024-12-06";"-11.85"
"1402";"46";"2024-12-07";"-6.48"
"1403";"46";"2024-12-08";"1.67"
"1404";"46";"2024-12-09";"-3.21"
"1405";"46";"2024-12-10";"-2.58"
"1406";"46";"2024-12-11";"-1.88"
"1407";"46";"2024-12-12";"-15.39"
"1408";"46";"2024-12-13";"-10.43"
"1409";"46";"2024-12-14";"-2.95"
"1410";"46";"2024-12-15";"-18.81"
"1411";"46";"2024-12-16";"-12.14"
"1412";"46";"2024-12-17";"-11.81"
"1413";"46";"2024-12-18";"-10.03"
"1414";"46";"2024-12-19";"-12.78"
"1415";"46";"2024-12-20";"-19.43"
"1416";"46";"2024-12-21";"-14.92"
"1417";"46";"2024-12-22";"4.99"
"1418";"46";"2024-12-23";"-2.15"
"1419";"46";"2024-12-24";"-4.94"
"1420";"46";"2024-12-25";"-7.27"
"1421";"46";"2024-12-26";"-1.98"
"1422";"46";"2024-12-27";"-17.72"
"1423";"46";"2024-12-28";"-12.42"
"1424";"46";"2024-12-29";"-7.31"
"1425";"46";"2024-12-30";"3.30"
"1426";"46";"2024-12-31";"-7.52"
"1427";"47";"2024-12-01";"-7.48"
"1428";"47";"2024-12-02";"1.94"
"1429";"47";"2024-12-03";"-1.62"
"1430";"47";"2024-12-04";"-4.23"
"1431";"47";"2024-12-05";"-1.32"
"1432";"47";"2024-12-06";"-11.97"
"1433";"47";"2024-12-07";"-1.64"
"1434";"47";"2024-12-08";"-12.51"
"1435";"47";"2024-12-09";"-0.43"
"1436";"47";"2024-12-10";"0.50"
"1437";"47";"2024-12-11";"-7.05"
"1438";"47";"2024-12-12";"-10.96"
"1439";"47";"2024-12-13";"-14.57"
"1440";"47";"2024-12-14";"-0.93"
"1441";"47";"2024-12-15";"-11.45"
"1442";"47";"2024-12-16";"-15.68"
"1443";"47";"2024-12-17";"1.78"
"1444";"47";"2024-12-18";"2.90"
"1445";"47";"2024-12-19";"-1.12"
"1446";"47";"2024-12-20";"-5.00"
"1447";"47";"2024-12-21";"-18.80"
"1448";"47";"2024-12-22";"-9.75"
"1449";"47";"2024-12-23";"-14.99"
"1450";"47";"2024-12-24";"3.36"
"1451";"47";"2024-12-25";"-12.61"
"1452";"47";"2024-12-26";"-9.91"
"1453";"47";"2024-12-27";"-18.22"
"1454";"47";"2024-12-28";"-6.51"
"1455";"47";"2024-12-29";"-8.97"
"1456";"47";"2024-12-30";"-11.20"
"1457";"47";"2024-12-31";"-11.02"
"1458";"48";"2024-12-01";"-6.52"
"1459";"48";"2024-12-02";"-16.60"
"1460";"48";"2024-12-03";"-16.80"
"1461";"48";"2024-12-04";"-2.26"
"1462";"48";"2024-12-05";"-5.55"
"1463";"48";"2024-12-06";"-10.21"
"1464";"48";"2024-12-07";"-18.62"
"1465";"48";"2024-12-08";"-16.24"
"1466";"48";"2024-12-09";"-3.38"
"1467";"48";"2024-12-10";"-17.60"
"1468";"48";"2024-12-11";"0.28"
"1469";"48";"2024-12-12";"-8.27"
"1470";"48";"2024-12-13";"-8.83"
"1471";"48";"2024-12-14";"2.99"
"1472";"48";"2024-12-15";"-17.95"
"1473";"48";"2024-12-16";"-19.81"
"1474";"48";"2024-12-17";"-18.98"
"1475";"48";"2024-12-18";"-6.43"
"1476";"48";"2024-12-19";"-16.58"
"1477";"48";"2024-12-20";"-13.23"
"1478";"48";"2024-12-21";"-10.58"
"1479";"48";"2024-12-22";"-5.68"
"1480";"48";"2024-12-23";"3.77"
"1481";"48";"2024-12-24";"-8.13"
"1482";"48";"2024-12-25";"-16.38"
"1483";"48";"2024-12-26";"-12.00"
"1484";"48";"2024-12-27";"-14.00"
"1485";"48";"2024-12-28";"-7.61"
"1486";"48";"2024-12-29";"-8.82"
"1487";"48";"2024-12-30";"-17.83"
"1488";"48";"2024-12-31";"-18.60"
"1489";"49";"2024-12-01";"-2.64"
"1490";"49";"2024-12-02";"3.72"
"1491";"49";"2024-12-03";"-6.87"
"1492";"49";"2024-12-04";"-14.93"
"1493";"49";"2024-12-05";"-6.00"
"1494";"49";"2024-12-06";"-11.94"
"1495";"49";"2024-12-07";"-3.22"
"1496";"49";"2024-12-08";"-6.51"
"1497";"49";"2024-12-09";"-4.43"
"1498";"49";"2024-12-10";"-5.23"
"1499";"49";"2024-12-11";"3.27"
"1500";"49";"2024-12-12";"-16.65"
"1501";"49";"2024-12-13";"-10.29"
"1502";"49";"2024-12-14";"-13.29"
"1503";"49";"2024-12-15";"-5.24"
"1504";"49";"2024-12-16";"-8.02"
"1505";"49";"2024-12-17";"-16.19"
"1506";"49";"2024-12-18";"-12.74"
"1507";"49";"2024-12-19";"-18.38"
"1508";"49";"2024-12-20";"-6.66"
"1509";"49";"2024-12-21";"-17.58"
"1510";"49";"2024-12-22";"-7.11"
"1511";"49";"2024-12-23";"-9.61"
"1512";"49";"2024-12-24";"-7.14"
"1513";"49";"2024-12-25";"-12.16"
"1514";"49";"2024-12-26";"0.48"
"1515";"49";"2024-12-27";"-19.51"
"1516";"49";"2024-12-28";"-1.73"
"1517";"49";"2024-12-29";"-6.08"
"1518";"49";"2024-12-30";"-8.10"
"1519";"49";"2024-12-31";"-10.70"
"1520";"50";"2024-12-01";"-16.01"
"1521";"50";"2024-12-02";"0.27"
"1522";"50";"2024-12-03";"-18.64"
"1523";"50";"2024-12-04";"-9.68"
"1524";"50";"2024-12-05";"-16.37"
"1525";"50";"2024-12-06";"-8.73"
"1526";"50";"2024-12-07";"2.01"
"1527";"50";"2024-12-08";"-14.11"
"1528";"50";"2024-12-09";"-18.45"
"1529";"50";"2024-12-10";"-2.65"
"1530";"50";"2024-12-11";"-12.74"
"1531";"50";"2024-12-12";"-16.55"
"1532";"50";"2024-12-13";"-3.20"
"1533";"50";"2024-12-14";"-19.30"
"1534";"50";"2024-12-15";"-19.64"
"1535";"50";"2024-12-16";"-11.94"
"1536";"50";"2024-12-17";"4.80"
"1537";"50";"2024-12-18";"-4.44"
"1538";"50";"2024-12-19";"-1.47"
"1539";"50";"2024-12-20";"-14.05"
"1540";"50";"2024-12-21";"-4.53"
"1541";"50";"2024-12-22";"2.66"
"1542";"50";"2024-12-23";"-2.70"
"1543";"50";"2024-12-24";"0.03"
"1544";"50";"2024-12-25";"-4.13"
"1545";"50";"2024-12-26";"-6.32"
"1546";"50";"2024-12-27";"-0.69"
"1547";"50";"2024-12-28";"-6.26"
"1548";"50";"2024-12-29";"-16.46"
"1549";"50";"2024-12-30";"2.95"
"1550";"50";"2024-12-31";"-19.50"
